,결과,안전벨트
0,사망,미착용
1,사망,미착용
2,사망,미착용
3,사망,미착용
4,사망,미착용
5,사망,미착용
6,사망,미착용
7,사망,미착용
8,사망,미착용
9,사망,미착용
10,사망,미착용
11,사망,미착용
12,사망,미착용
13,사망,미착용
14,사망,미착용
15,사망,미착용
16,사망,착용
17,사망,착용
18,사망,착용
19,사망,착용
20,사망,착용
21,사망,착용
22,사망,착용
23,사망,착용
24,사망,착용
25,사망,착용
26,사망,착용
27,사망,착용
28,사망,착용
29,사망,착용
30,사망,착용
31,사망,착용
32,사망,착용
33,사망,착용
34,사망,착용
35,사망,착용
36,사망,착용
37,사망,착용
38,사망,착용
39,사망,착용
40,생존,미착용
41,생존,미착용
42,생존,미착용
43,생존,미착용
44,생존,미착용
45,생존,미착용
46,생존,미착용
47,생존,미착용
48,생존,미착용
49,생존,미착용
50,생존,미착용
51,생존,미착용
52,생존,미착용
53,생존,미착용
54,생존,미착용
55,생존,미착용
56,생존,미착용
57,생존,미착용
58,생존,미착용
59,생존,미착용
60,생존,미착용
61,생존,미착용
62,생존,미착용
63,생존,미착용
64,생존,미착용
65,생존,미착용
66,생존,미착용
67,생존,미착용
68,생존,미착용
69,생존,미착용
70,생존,미착용
71,생존,미착용
72,생존,미착용
73,생존,미착용
74,생존,미착용
75,생존,미착용
76,생존,미착용
77,생존,미착용
78,생존,미착용
79,생존,미착용
80,생존,미착용
81,생존,미착용
82,생존,미착용
83,생존,미착용
84,생존,미착용
85,생존,미착용
86,생존,미착용
87,생존,미착용
88,생존,미착용
89,생존,미착용
90,생존,미착용
91,생존,미착용
92,생존,미착용
93,생존,미착용
94,생존,미착용
95,생존,미착용
96,생존,미착용
97,생존,미착용
98,생존,미착용
99,생존,미착용
100,생존,미착용
101,생존,미착용
102,생존,미착용
103,생존,미착용
104,생존,미착용
105,생존,미착용
106,생존,미착용
107,생존,미착용
108,생존,미착용
109,생존,미착용
110,생존,미착용
111,생존,미착용
112,생존,미착용
113,생존,미착용
114,생존,미착용
115,생존,미착용
116,생존,미착용
117,생존,미착용
118,생존,미착용
119,생존,미착용
120,생존,미착용
121,생존,미착용
122,생존,미착용
123,생존,미착용
124,생존,미착용
125,생존,미착용
126,생존,미착용
127,생존,미착용
128,생존,미착용
129,생존,미착용
130,생존,미착용
131,생존,미착용
132,생존,미착용
133,생존,미착용
134,생존,미착용
135,생존,미착용
136,생존,미착용
137,생존,미착용
138,생존,미착용
139,생존,미착용
140,생존,미착용
141,생존,미착용
142,생존,미착용
143,생존,미착용
144,생존,미착용
145,생존,미착용
146,생존,미착용
147,생존,미착용
148,생존,미착용
149,생존,미착용
150,생존,미착용
151,생존,미착용
152,생존,미착용
153,생존,미착용
154,생존,미착용
155,생존,미착용
156,생존,미착용
157,생존,미착용
158,생존,미착용
159,생존,미착용
160,생존,미착용
161,생존,착용
162,생존,착용
163,생존,착용
164,생존,착용
165,생존,착용
166,생존,착용
167,생존,착용
168,생존,착용
169,생존,착용
170,생존,착용
171,생존,착용
172,생존,착용
173,생존,착용
174,생존,착용
175,생존,착용
176,생존,착용
177,생존,착용
178,생존,착용
179,생존,착용
180,생존,착용
181,생존,착용
182,생존,착용
183,생존,착용
184,생존,착용
185,생존,착용
186,생존,착용
187,생존,착용
188,생존,착용
189,생존,착용
190,생존,착용
191,생존,착용
192,생존,착용
193,생존,착용
194,생존,착용
195,생존,착용
196,생존,착용
197,생존,착용
198,생존,착용
199,생존,착용
200,생존,착용
201,생존,착용
202,생존,착용
203,생존,착용
204,생존,착용
205,생존,착용
206,생존,착용
207,생존,착용
208,생존,착용
209,생존,착용
210,생존,착용
211,생존,착용
212,생존,착용
213,생존,착용
214,생존,착용
215,생존,착용
216,생존,착용
217,생존,착용
218,생존,착용
219,생존,착용
220,생존,착용
221,생존,착용
222,생존,착용
223,생존,착용
224,생존,착용
225,생존,착용
226,생존,착용
227,생존,착용
228,생존,착용
229,생존,착용
230,생존,착용
231,생존,착용
232,생존,착용
233,생존,착용
234,생존,착용
235,생존,착용
236,생존,착용
237,생존,착용
238,생존,착용
239,생존,착용
240,생존,착용
241,생존,착용
242,생존,착용
243,생존,착용
244,생존,착용
245,생존,착용
246,생존,착용
247,생존,착용
248,생존,착용
249,생존,착용
250,생존,착용
251,생존,착용
252,생존,착용
253,생존,착용
254,생존,착용
255,생존,착용
256,생존,착용
257,생존,착용
258,생존,착용
259,생존,착용
260,생존,착용
261,생존,착용
262,생존,착용
263,생존,착용
264,생존,착용
265,생존,착용
266,생존,착용
267,생존,착용
268,생존,착용
269,생존,착용
270,생존,착용
271,생존,착용
272,생존,착용
273,생존,착용
274,생존,착용
275,생존,착용
276,생존,착용
277,생존,착용
278,생존,착용
279,생존,착용
280,생존,착용
281,생존,착용
282,생존,착용
283,생존,착용
284,생존,착용
285,생존,착용
286,생존,착용
287,생존,착용
288,생존,착용
289,생존,착용
290,생존,착용
291,생존,착용
292,생존,착용
293,생존,착용
294,생존,착용
295,생존,착용
296,생존,착용
297,생존,착용
298,생존,착용
299,생존,착용
300,생존,착용
301,생존,착용
302,생존,착용
303,생존,착용
304,생존,착용
305,생존,착용
306,생존,착용
307,생존,착용
308,생존,착용
309,생존,착용
310,생존,착용
311,생존,착용
312,생존,착용
313,생존,착용
314,생존,착용
315,생존,착용
316,생존,착용
317,생존,착용
318,생존,착용
319,생존,착용
320,생존,착용
321,생존,착용
322,생존,착용
323,생존,착용
324,생존,착용
325,생존,착용
326,생존,착용
327,생존,착용
328,생존,착용
329,생존,착용
330,생존,착용
331,생존,착용
332,생존,착용
333,생존,착용
334,생존,착용
335,생존,착용
336,생존,착용
337,생존,착용
338,생존,착용
339,생존,착용
340,생존,착용
341,생존,착용
342,생존,착용
343,생존,착용
344,생존,착용
345,생존,착용
346,생존,착용
347,생존,착용
348,생존,착용
349,생존,착용
350,생존,착용
351,생존,착용
352,생존,착용
353,생존,착용
354,생존,착용
355,생존,착용
356,생존,착용
357,생존,착용
358,생존,착용
359,생존,착용
360,생존,착용
361,생존,착용
362,생존,착용
363,생존,착용
364,생존,착용
365,생존,착용
366,생존,착용
367,생존,착용
368,생존,착용
369,생존,착용
370,생존,착용
371,생존,착용
372,생존,착용
373,생존,착용
374,생존,착용
375,생존,착용
376,생존,착용
377,생존,착용
378,생존,착용
379,생존,착용
380,생존,착용
381,생존,착용
382,생존,착용
383,생존,착용
384,생존,착용
385,생존,착용
386,생존,착용
387,생존,착용
388,생존,착용
389,생존,착용
390,생존,착용
391,생존,착용
392,생존,착용
393,생존,착용
394,생존,착용
395,생존,착용
396,생존,착용
397,생존,착용
398,생존,착용
399,생존,착용
400,생존,착용
401,생존,착용
402,생존,착용
403,생존,착용
404,생존,착용
405,생존,착용
406,생존,착용
407,생존,착용
408,생존,착용
409,생존,착용
410,생존,착용
411,생존,착용
412,생존,착용
413,생존,착용
414,생존,착용
415,생존,착용
416,생존,착용
417,생존,착용
418,생존,착용
419,생존,착용
420,생존,착용
421,생존,착용
422,생존,착용
423,생존,착용
424,생존,착용
425,생존,착용
426,생존,착용
427,생존,착용
428,생존,착용
429,생존,착용
430,생존,착용
431,생존,착용
432,생존,착용
433,생존,착용
434,생존,착용
435,생존,착용
436,생존,착용
437,생존,착용
438,생존,착용
439,생존,착용
440,생존,착용
441,생존,착용
442,생존,착용
443,생존,착용
444,생존,착용
445,생존,착용
446,생존,착용
447,생존,착용
448,생존,착용
449,생존,착용
450,생존,착용
451,생존,착용
452,생존,착용
453,생존,착용
454,생존,착용
455,생존,착용
456,생존,착용
457,생존,착용
458,생존,착용
459,생존,착용
460,생존,착용
461,생존,착용
462,생존,착용
463,생존,착용
464,생존,착용
465,생존,착용
466,생존,착용
467,생존,착용
468,생존,착용
469,생존,착용
470,생존,착용
471,생존,착용
472,생존,착용
473,생존,착용
474,생존,착용
475,생존,착용
476,생존,착용
477,생존,착용
478,생존,착용
479,생존,착용
480,생존,착용
481,생존,착용
482,생존,착용
483,생존,착용
484,생존,착용
485,생존,착용
486,생존,착용
487,생존,착용
488,생존,착용
489,생존,착용
490,생존,착용
491,생존,착용
492,생존,착용
493,생존,착용
494,생존,착용
495,생존,착용
496,생존,착용
497,생존,착용
498,생존,착용
499,생존,착용
500,생존,착용
501,생존,착용
502,생존,착용
503,생존,착용
504,생존,착용
505,생존,착용
506,생존,착용
507,생존,착용
508,생존,착용
509,생존,착용
510,생존,착용
511,생존,착용
512,생존,착용
513,생존,착용
514,생존,착용
515,생존,착용
516,생존,착용
517,생존,착용
518,생존,착용
519,생존,착용
520,생존,착용
521,생존,착용
522,생존,착용
523,생존,착용
524,생존,착용
525,생존,착용
526,생존,착용
527,생존,착용
528,생존,착용
529,생존,착용
530,생존,착용
531,생존,착용
532,생존,착용
533,생존,착용
534,생존,착용
535,생존,착용
536,생존,착용
537,생존,착용
538,생존,착용
539,생존,착용
540,생존,착용
541,생존,착용
542,생존,착용
543,생존,착용
544,생존,착용
545,생존,착용
546,생존,착용
547,생존,착용
548,생존,착용
549,생존,착용
550,생존,착용
551,생존,착용
552,생존,착용
553,생존,착용
554,생존,착용
555,생존,착용
556,생존,착용
557,생존,착용
558,생존,착용
559,생존,착용
560,생존,착용
561,생존,착용
562,생존,착용
563,생존,착용
564,생존,착용
565,생존,착용
566,생존,착용
567,생존,착용
568,생존,착용
569,생존,착용
570,생존,착용
571,생존,착용
572,생존,착용
573,생존,착용
574,생존,착용
575,생존,착용
576,생존,착용
577,생존,착용
578,생존,착용
579,생존,착용
580,생존,착용
581,생존,착용
582,생존,착용
583,생존,착용
584,생존,착용
585,생존,착용
586,생존,착용
587,생존,착용
588,생존,착용
589,생존,착용
590,생존,착용
591,생존,착용
592,생존,착용
593,생존,착용
594,생존,착용
595,생존,착용
596,생존,착용
597,생존,착용
598,생존,착용
599,생존,착용
600,생존,착용
601,생존,착용
602,생존,착용
603,생존,착용